1, 6737650663, 0.324329, 0.185938
1, 6737665671, 0.339708, 0.216912
0, 6737678719, 0.000000, 0.000000
1, 6737695669, 0.352864, 0.238607
1, 6737710669, 0.366167, 0.260741
1, 6737741752, 0.391658, 0.296684
1, 6737755662, 0.401910, 0.309796
0, 6737768698, 0.000000, 0.000000
1, 6737785664, 0.417668, 0.329979
1, 6737800657, 0.425116, 0.336848
0, 6737813747, 0.000000, 0.000000
1, 6737830666, 0.442925, 0.336031
1, 6737845661, 0.439786, 0.352338
0, 6737858700, 0.000000, 0.000000
1, 6737891736, 0.449575, 0.366977
0, 6737903735, 0.000000, 0.000000
1, 6737920651, 0.451327, 0.372098
1, 6737935658, 0.434134, 0.370842
0, 6737948737, 0.000000, 0.000000
0, 6737965659, 0.000000, 0.000000
1, 6737980677, 0.405161, 0.308836
0, 6737993719, 0.000000, 0.000000
0, 6738010655, 0.000000, 0.000000
0, 6738040059, 0.000000, 0.000000
0, 6738055664, 0.000000, 0.000000
1, 6738070663, 0.362035, 0.115128
0, 6738083983, 0.000000, 0.000000
0, 6738100651, 0.000000, 0.000000
1, 6738115646, 0.307782, 0.042985
0, 6738128974, 0.000000, 0.000000
1, 6738145652, 0.247242, 0.010765
1, 6738160655, 0.303758, -0.025807
1, 6738191734, 0.213926, -0.025851
1, 6738205644, 0.244820, -0.046851
0, 6738219075, 0.000000, 0.000000
1, 6738235649, 0.190503, -0.052434
1, 6738250642, 0.230459, -0.065986
0, 6738264070, 0.000000, 0.000000
1, 6738280648, 0.181668, -0.060667
1, 6738295636, 0.220096, -0.075982
0, 6738309058, 0.000000, 0.000000
1, 6738341723, 0.214119, -0.084909
0, 6738354059, 0.000000, 0.000000
1, 6738370645, 0.170886, -0.066495
1, 6738385743, 0.208501, -0.089714
0, 6738399062, 0.000000, 0.000000
1, 6738415641, 0.160075, -0.081607
1, 6738430637, 0.201773, -0.099192
0, 6738444209, 0.000000, 0.000000
1, 6738460637, 0.153490, -0.088733
0, 6738490141, 0.000000, 0.000000
1, 6738505638, 0.151113, -0.091416
1, 6738520631, 0.195451, -0.103935
0, 6738534052, 0.000000, 0.000000
1, 6738550637, 0.150509, -0.089234
1, 6738565632, 0.194530, -0.105674
0, 6738579049, 0.000000, 0.000000
1, 6738595626, 0.157099, -0.082722
1, 6738610652, 0.241884, 0.034220
0, 6738641715, 0.000000, 0.000000
0, 6738655632, 0.000000, 0.000000
0, 6738668945, 0.000000, 0.000000
0, 6738685625, 0.000000, 0.000000
0, 6738700627, 0.000000, 0.000000
0, 6738713943, 0.000000, 0.000000
1, 6738730626, 0.256325, 0.206944
1, 6738745637, 0.257555, 0.221493
0, 6738758974, 0.000000, 0.000000
1, 6738791729, 0.259035, 0.239541
0, 6738803572, 0.000000, 0.000000
1, 6738820652, 0.234723, 0.164569
1, 6738835667, 0.234888, 0.167409
0, 6738848575, 0.000000, 0.000000
0, 6738865618, 0.000000, 0.000000
1, 6738880626, 0.234520, 0.168662
0, 6738893565, 0.000000, 0.000000
1, 6738910629, 0.232784, 0.162160
0, 6738939718, 0.000000, 0.000000
1, 6738955614, 0.230634, 0.155298
1, 6738970618, 0.229596, 0.153173
0, 6738983631, 0.000000, 0.000000
1, 6739000611, 0.230867, 0.148987
1, 6739015617, 0.227050, 0.149240
0, 6739028628, 0.000000, 0.000000
0, 6739045616, 0.000000, 0.000000
1, 6739060638, 0.223046, 0.136523
0, 6739091706, 0.000000, 0.000000
1, 6739105612, 0.222706, 0.165334
0, 6739118605, 0.000000, 0.000000
1, 6739135622, 0.218517, 0.127557
1, 6739150646, 0.222808, 0.171632
0, 6739163618, 0.000000, 0.000000
1, 6739180610, 0.219284, 0.132286
1, 6739195610, 0.220505, 0.134654
0, 6739208601, 0.000000, 0.000000
1, 6739241682, 0.225871, 0.197227
0, 6739253519, 0.000000, 0.000000
1, 6739270603, 0.232495, 0.250676
1, 6739285613, 0.228242, 0.200845
0, 6739298495, 0.000000, 0.000000
0, 6739315603, 0.000000, 0.000000
1, 6739330605, 0.230830, 0.204198
0, 6739343502, 0.000000, 0.000000
0, 6739360604, 0.000000, 0.000000
0, 6739389583, 0.000000, 0.000000
0, 6739405602, 0.000000, 0.000000
1, 6739420597, 0.226616, 0.171619
0, 6739433487, 0.000000, 0.000000
0, 6739450618, 0.000000, 0.000000
1, 6739465608, 0.227183, 0.174311
0, 6739478485, 0.000000, 0.000000
0, 6739495597, 0.000000, 0.000000
1, 6739510604, 0.228328, 0.177465
0, 6739541677, 0.000000, 0.000000
1, 6739555609, 0.229009, 0.180839
0, 6739568476, 0.000000, 0.000000
0, 6739585612, 0.000000, 0.000000
1, 6739600621, 0.233479, 0.233866
0, 6739613495, 0.000000, 0.000000
1, 6739630604, 0.237824, 0.284710
1, 6739645595, 0.234999, 0.233960
0, 6739658466, 0.000000, 0.000000
1, 6739691698, 0.232507, 0.187834
0, 6739703473, 0.000000, 0.000000
1, 6739720592, 0.243841, 0.277456
1, 6739735598, 0.238437, 0.234544
0, 6739748488, 0.000000, 0.000000
1, 6739765585, 0.246935, 0.275382
1, 6739780595, 0.239293, 0.232610
0, 6739793465, 0.000000, 0.000000
1, 6739810592, 0.247670, 0.273753
0, 6739839559, 0.000000, 0.000000
1, 6739855587, 0.246076, 0.270073
1, 6739870585, 0.238479, 0.229266
0, 6739883469, 0.000000, 0.000000
1, 6739900584, 0.245385, 0.263267
1, 6739915593, 0.238617, 0.224494
0, 6739928478, 0.000000, 0.000000
1, 6739945595, 0.231009, 0.186866
1, 6739960588, 0.237560, 0.219965
1, 6739991670, 0.236949, 0.218465
1, 6740005589, 0.236701, 0.217989
0, 6740018486, 0.000000, 0.000000
1, 6740035584, 0.235863, 0.217614
1, 6740050576, 0.235777, 0.216633
0, 6740063536, 0.000000, 0.000000
1, 6740080585, 0.236082, 0.218184
1, 6740095581, 0.236053, 0.219128
0, 6740108487, 0.000000, 0.000000
1, 6740141676, 0.236244, 0.219652
0, 6740153474, 0.000000, 0.000000
1, 6740170578, 0.228867, 0.188012
1, 6740185586, 0.236875, 0.219836
0, 6740198461, 0.000000, 0.000000
1, 6740215579, 0.236424, 0.219095
1, 6740230587, 0.236144, 0.219225
0, 6740243509, 0.000000, 0.000000
1, 6740260566, 0.235923, 0.219733
0, 6740289552, 0.000000, 0.000000
1, 6740305582, 0.235791, 0.220170
1, 6740320580, 0.235658, 0.219842
0, 6740333469, 0.000000, 0.000000
1, 6740350584, 0.228800, 0.186106
1, 6740365575, 0.234947, 0.220798
0, 6740378537, 0.000000, 0.000000
1, 6740395568, 0.234807, 0.221587
1, 6740410581, 0.235053, 0.220836
1, 6740441647, 0.235065, 0.218193
1, 6740455560, 0.234789, 0.217876
0, 6740468491, 0.000000, 0.000000
1, 6740485568, 0.234627, 0.217766
1, 6740500559, 0.234679, 0.217188
0, 6740513480, 0.000000, 0.000000
1, 6740530561, 0.234398, 0.215677
1, 6740545563, 0.234160, 0.215964
0, 6740558476, 0.000000, 0.000000
1, 6740591656, 0.237573, 0.214487
0, 6740603478, 0.000000, 0.000000
1, 6740620586, 0.258186, 0.219252
1, 6740635569, 0.298777, 0.226170
0, 6740648541, 0.000000, 0.000000
0, 6740665554, 0.000000, 0.000000
1, 6740680560, 0.364051, 0.246973
0, 6740693474, 0.000000, 0.000000
0, 6740710552, 0.000000, 0.000000
0, 6740739404, 0.000000, 0.000000
1, 6740755563, 0.429854, 0.304013
1, 6740770583, 0.440202, 0.309313
0, 6740783317, 0.000000, 0.000000
1, 6740800567, 0.460731, 0.319624
1, 6740815545, 0.422786, 0.283223
0, 6740828320, 0.000000, 0.000000
1, 6740845561, 0.440752, 0.293558
1, 6740860567, 0.479897, 0.332404
1, 6740891643, 0.484945, 0.335320
1, 6740905571, 0.475294, 0.320956
0, 6740918316, 0.000000, 0.000000
1, 6740935544, 0.482713, 0.323295
0, 6740950567, 0.000000, 0.000000
0, 6740963323, 0.000000, 0.000000
1, 6740980541, 0.486195, 0.334199
0, 6740995560, 0.000000, 0.000000
0, 6741008314, 0.000000, 0.000000
0, 6741041642, 0.000000, 0.000000
0, 6741053368, 0.000000, 0.000000
0, 6741070565, 0.000000, 0.000000
0, 6741085539, 0.000000, 0.000000
0, 6741098340, 0.000000, 0.000000
0, 6741115536, 0.000000, 0.000000
1, 6741130549, 0.481414, 0.412336
0, 6741143356, 0.000000, 0.000000
0, 6741160550, 0.000000, 0.000000
0, 6741189452, 0.000000, 0.000000
1, 6741205558, 0.524552, 0.341669
1, 6741220614, 0.501589, 0.358917
0, 6741233340, 0.000000, 0.000000
0, 6741250530, 0.000000, 0.000000
1, 6741265530, 0.499503, 0.350958
0, 6741278375, 0.000000, 0.000000
1, 6741295536, 0.500882, 0.346806
1, 6741310542, 0.484405, 0.355575
1, 6741341620, 0.502886, 0.341265
1, 6741355529, 0.504570, 0.338574
0, 6741368338, 0.000000, 0.000000
1, 6741385528, 0.504302, 0.327056
1, 6741400524, 0.505207, 0.319534
0, 6741413337, 0.000000, 0.000000
1, 6741430532, 0.494219, 0.312218
1, 6741445532, 0.495667, 0.305288
0, 6741458337, 0.000000, 0.000000
1, 6741491623, 0.499226, 0.289253
0, 6741503529, 0.000000, 0.000000
1, 6741520519, 0.516884, 0.271773
1, 6741535529, 0.509714, 0.270785
0, 6741548510, 0.000000, 0.000000
1, 6741565522, 0.510374, 0.259255
1, 6741580542, 0.517244, 0.242891
0, 6741593520, 0.000000, 0.000000
1, 6741610525, 0.517541, 0.231289
0, 6741639609, 0.000000, 0.000000
1, 6741655538, 0.511539, 0.234482
1, 6741670528, 0.517912, 0.217631
0, 6741683542, 0.000000, 0.000000
1, 6741700619, 0.505527, 0.240368
1, 6741715592, 0.512160, 0.224569
0, 6741728530, 0.000000, 0.000000
1, 6741745532, 0.512928, 0.220752
1, 6741760592, 0.513073, 0.218913
1, 6741791612, 0.512984, 0.215278
1, 6741805512, 0.518430, 0.201794
0, 6741818549, 0.000000, 0.000000
1, 6741835510, 0.512709, 0.209569
1, 6741850520, 0.512829, 0.207793
0, 6741863555, 0.000000, 0.000000
1, 6741880523, 0.518002, 0.194001
1, 6741895507, 0.513186, 0.202238
0, 6741908549, 0.000000, 0.000000
1, 6741941595, 0.517752, 0.189233
0, 6741953591, 0.000000, 0.000000
1, 6741970511, 0.517949, 0.187568
1, 6741985507, 0.515365, 0.201786
0, 6741998594, 0.000000, 0.000000
1, 6742015516, 0.518121, 0.186733
1, 6742030526, 0.518590, 0.186632
0, 6742043599, 0.000000, 0.000000
1, 6742060526, 0.518818, 0.184990
0, 6742089678, 0.000000, 0.000000
1, 6742105502, 0.520859, 0.184386
1, 6742120498, 0.521637, 0.200971
0, 6742133598, 0.000000, 0.000000
1, 6742150504, 0.521357, 0.178553
1, 6742165503, 0.522432, 0.200218
0, 6742178591, 0.000000, 0.000000
1, 6742195501, 0.523272, 0.183384
1, 6742210497, 0.522855, 0.199994
1, 6742241586, 0.523093, 0.192796
1, 6742255501, 0.521355, 0.197658
0, 6742268592, 0.000000, 0.000000
1, 6742285504, 0.525380, 0.189668
1, 6742300490, 0.521609, 0.194451
0, 6742313592, 0.000000, 0.000000
1, 6742330492, 0.524940, 0.188862
1, 6742345492, 0.520027, 0.194273
0, 6742358580, 0.000000, 0.000000
1, 6742391598, 0.522657, 0.196545
0, 6742403590, 0.000000, 0.000000
1, 6742420532, 0.526512, 0.189789
1, 6742435506, 0.522095, 0.195143
0, 6742448576, 0.000000, 0.000000
1, 6742465507, 0.527836, 0.187581
1, 6742480486, 0.525963, 0.191330
0, 6742493586, 0.000000, 0.000000
1, 6742510494, 0.523065, 0.191252
0, 6742539654, 0.000000, 0.000000
1, 6742555483, 0.522433, 0.192225
1, 6742570492, 0.522159, 0.191438
0, 6742583572, 0.000000, 0.000000
1, 6742600487, 0.521641, 0.190358
1, 6742615480, 0.521724, 0.189748
0, 6742628575, 0.000000, 0.000000
1, 6742645481, 0.521229, 0.189835
1, 6742660493, 0.521196, 0.188315
1, 6742691595, 0.521860, 0.185822
1, 6742705483, 0.521253, 0.186856
0, 6742718526, 0.000000, 0.000000
1, 6742735488, 0.520966, 0.185142
1, 6742750483, 0.520823, 0.184337
0, 6742763526, 0.000000, 0.000000
1, 6742780484, 0.520237, 0.183374
1, 6742795506, 0.519974, 0.182554
0, 6742808525, 0.000000, 0.000000
1, 6742841565, 0.521873, 0.175268
0, 6742853559, 0.000000, 0.000000
1, 6742870468, 0.521970, 0.173233
1, 6742885492, 0.519885, 0.179068
0, 6742898541, 0.000000, 0.000000
1, 6742915495, 0.522085, 0.170228
1, 6742930469, 0.521778, 0.177944
0, 6742943555, 0.000000, 0.000000
1, 6742960471, 0.522118, 0.170611
0, 6742989641, 0.000000, 0.000000
1, 6743005492, 0.521151, 0.177036
1, 6743020464, 0.520740, 0.177100
0, 6743033560, 0.000000, 0.000000
1, 6743050468, 0.520245, 0.177622
1, 6743065479, 0.520100, 0.177432
0, 6743078552, 0.000000, 0.000000
1, 6743095464, 0.519752, 0.177504
1, 6743110469, 0.519804, 0.177637
1, 6743141558, 0.519895, 0.177830
1, 6743155463, 0.519817, 0.177740
0, 6743168551, 0.000000, 0.000000
1, 6743185457, 0.519706, 0.176607
1, 6743200497, 0.519621, 0.176378
0, 6743213595, 0.000000, 0.000000
1, 6743230461, 0.519522, 0.176358
1, 6743245483, 0.519415, 0.176077
0, 6743258555, 0.000000, 0.000000
1, 6743291536, 0.518835, 0.175537
0, 6743303534, 0.000000, 0.000000
1, 6743320458, 0.518267, 0.175635
1, 6743335454, 0.517766, 0.175468
0, 6743348531, 0.000000, 0.000000
1, 6743365460, 0.522712, 0.164295
1, 6743380609, 0.517035, 0.174875
0, 6743393530, 0.000000, 0.000000
1, 6743410464, 0.522909, 0.165347
0, 6743439611, 0.000000, 0.000000
1, 6743455452, 0.517609, 0.176117
1, 6743470457, 0.517887, 0.176447
0, 6743483522, 0.000000, 0.000000
1, 6743500455, 0.517823, 0.176310
1, 6743515453, 0.517762, 0.176349
0, 6743528520, 0.000000, 0.000000
1, 6743545447, 0.517744, 0.176648
1, 6743560467, 0.517552, 0.176585
1, 6743591527, 0.518673, 0.176927
1, 6743605451, 0.521088, 0.177141
0, 6743618609, 0.000000, 0.000000
1, 6743635451, 0.556693, 0.173759
1, 6743650451, 0.601127, 0.164630
0, 6743663537, 0.000000, 0.000000
1, 6743680465, 0.625000, 0.167757
1, 6743695472, 0.682337, 0.158137
0, 6743708515, 0.000000, 0.000000
1, 6743741544, 0.723039, 0.153260
0, 6743753524, 0.000000, 0.000000
1, 6743770444, 0.715020, 0.148715
1, 6743785452, 0.750035, 0.147936
0, 6743798518, 0.000000, 0.000000
1, 6743815449, 0.747894, 0.139327
0, 6743830436, 0.000000, 0.000000
0, 6743843521, 0.000000, 0.000000
1, 6743860431, 0.767605, 0.131352
0, 6743889639, 0.000000, 0.000000
1, 6743905439, 0.780619, 0.126794
1, 6743920468, 0.791046, 0.142232
0, 6743933563, 0.000000, 0.000000
1, 6743950443, 0.793195, 0.124837
1, 6743965451, 0.802542, 0.142139
0, 6743978574, 0.000000, 0.000000
1, 6743995432, 0.800576, 0.121397
1, 6744010432, 0.808142, 0.144778
1, 6744041509, 0.806075, 0.121902
1, 6744055437, 0.812191, 0.147474
0, 6744068570, 0.000000, 0.000000
1, 6744085464, 0.807779, 0.127074
0, 6744100483, 0.000000, 0.000000
0, 6744113572, 0.000000, 0.000000
0, 6744130438, 0.000000, 0.000000
0, 6744145435, 0.000000, 0.000000
0, 6744158573, 0.000000, 0.000000
0, 6744191532, 0.000000, 0.000000
0, 6744203540, 0.000000, 0.000000
0, 6744220529, 0.000000, 0.000000
0, 6744235441, 0.000000, 0.000000
0, 6744248536, 0.000000, 0.000000
0, 6744265418, 0.000000, 0.000000
0, 6744280422, 0.000000, 0.000000
0, 6744293543, 0.000000, 0.000000
1, 6744310441, 0.807968, 0.108361
0, 6744339610, 0.000000, 0.000000
1, 6744355425, 0.809907, 0.101875
0, 6744370422, 0.000000, 0.000000
0, 6744383543, 0.000000, 0.000000
1, 6744400427, 0.810848, 0.100063
0, 6744415421, 0.000000, 0.000000
0, 6744428535, 0.000000, 0.000000
1, 6744445424, 0.811806, 0.099265
0, 6744460416, 0.000000, 0.000000
1, 6744491510, 0.811906, 0.097431
0, 6744505442, 0.000000, 0.000000
0, 6744518515, 0.000000, 0.000000
1, 6744535433, 0.810942, 0.149693
0, 6744550441, 0.000000, 0.000000
0, 6744563510, 0.000000, 0.000000
1, 6744580405, 0.810771, 0.150597
0, 6744595412, 0.000000, 0.000000
0, 6744608510, 0.000000, 0.000000
0, 6744641508, 0.000000, 0.000000
0, 6744653503, 0.000000, 0.000000
0, 6744670427, 0.000000, 0.000000
0, 6744685410, 0.000000, 0.000000
0, 6744698508, 0.000000, 0.000000
1, 6744715406, 0.812107, 0.094876
0, 6744730405, 0.000000, 0.000000
0, 6744743507, 0.000000, 0.000000
1, 6744760406, 0.809812, 0.154135
0, 6744789581, 0.000000, 0.000000
1, 6744805419, 0.810510, 0.154436
0, 6744820408, 0.000000, 0.000000
0, 6744833499, 0.000000, 0.000000
1, 6744850403, 0.810402, 0.153372
0, 6744865402, 0.000000, 0.000000
0, 6744878503, 0.000000, 0.000000
1, 6744895404, 0.811957, 0.091007
0, 6744910413, 0.000000, 0.000000
1, 6744941508, 0.809140, 0.216357
1, 6744955411, 0.808473, 0.214205
0, 6744968512, 0.000000, 0.000000
0, 6744985412, 0.000000, 0.000000
0, 6745000393, 0.000000, 0.000000
0, 6745013494, 0.000000, 0.000000
0, 6745030404, 0.000000, 0.000000
0, 6745045395, 0.000000, 0.000000
0, 6745058496, 0.000000, 0.000000
0, 6745091473, 0.000000, 0.000000
0, 6745103500, 0.000000, 0.000000
1, 6745120389, 0.805028, 0.156593
1, 6745135389, 0.807497, 0.214822
0, 6745148501, 0.000000, 0.000000
1, 6745165391, 0.801957, 0.102887
1, 6745180390, 0.806339, 0.209656
0, 6745193491, 0.000000, 0.000000
1, 6745210387, 0.804890, 0.153659
0, 6745239561, 0.000000, 0.000000
1, 6745255389, 0.805305, 0.150014
1, 6745270385, 0.804106, 0.195377
0, 6745283481, 0.000000, 0.000000
1, 6745300386, 0.804464, 0.144476
0, 6745315407, 0.000000, 0.000000
0, 6745328486, 0.000000, 0.000000
1, 6745345388, 0.804078, 0.142019
0, 6745360384, 0.000000, 0.000000
1, 6745391482, 0.803629, 0.141307
0, 6745405401, 0.000000, 0.000000
0, 6745418471, 0.000000, 0.000000
1, 6745435379, 0.807914, 0.093499
1, 6745450381, 0.798245, 0.190065
0, 6745463462, 0.000000, 0.000000
1, 6745480373, 0.798904, 0.188773
1, 6745495376, 0.799583, 0.187151
0, 6745508465, 0.000000, 0.000000
1, 6745541454, 0.798812, 0.184718
0, 6745553447, 0.000000, 0.000000
1, 6745570379, 0.809513, 0.090080
0, 6745585372, 0.000000, 0.000000
0, 6745598448, 0.000000, 0.000000
1, 6745615370, 0.804453, 0.138012
1, 6745630385, 0.798108, 0.185994
0, 6745643444, 0.000000, 0.000000
1, 6745660386, 0.811530, 0.093361
0, 6745689518, 0.000000, 0.000000
1, 6745705367, 0.804494, 0.140017
1, 6745720393, 0.798660, 0.187490
0, 6745733447, 0.000000, 0.000000
1, 6745750389, 0.804126, 0.143319
0, 6745765366, 0.000000, 0.000000
0, 6745778428, 0.000000, 0.000000
1, 6745795369, 0.804347, 0.145711
0, 6745810401, 0.000000, 0.000000
1, 6745841460, 0.811169, 0.101771
1, 6745855362, 0.797213, 0.187140
0, 6745868412, 0.000000, 0.000000
1, 6745885380, 0.804399, 0.144051
0, 6745900357, 0.000000, 0.000000
0, 6745913423, 0.000000, 0.000000
1, 6745930360, 0.811972, 0.097295
1, 6745945372, 0.796734, 0.186631
0, 6745958411, 0.000000, 0.000000
1, 6745991465, 0.798423, 0.187853
0, 6746003428, 0.000000, 0.000000
1, 6746020372, 0.804933, 0.141330
0, 6746035393, 0.000000, 0.000000
0, 6746048433, 0.000000, 0.000000
1, 6746065375, 0.805016, 0.141900
0, 6746080374, 0.000000, 0.000000
0, 6746093436, 0.000000, 0.000000
1, 6746110372, 0.804404, 0.142149
0, 6746139506, 0.000000, 0.000000
1, 6746155358, 0.804087, 0.143505
1, 6746170371, 0.800918, 0.194792
0, 6746183418, 0.000000, 0.000000
1, 6746200350, 0.802535, 0.146407
1, 6746215422, 0.798538, 0.193200
0, 6746228425, 0.000000, 0.000000
1, 6746245350, 0.804401, 0.098525
1, 6746260350, 0.796211, 0.192530
1, 6746291459, 0.799073, 0.147464
1, 6746305347, 0.793385, 0.196303
0, 6746318421, 0.000000, 0.000000
1, 6746335346, 0.798237, 0.147269
1, 6746350349, 0.791644, 0.194522
0, 6746363421, 0.000000, 0.000000
1, 6746380406, 0.796939, 0.145953
1, 6746395375, 0.790333, 0.194817
0, 6746408417, 0.000000, 0.000000
1, 6746441448, 0.787897, 0.194294
0, 6746453431, 0.000000, 0.000000
1, 6746470350, 0.794394, 0.141452
1, 6746485348, 0.786647, 0.193203
0, 6746498428, 0.000000, 0.000000
1, 6746515340, 0.786856, 0.192526
1, 6746530358, 0.786843, 0.191815
0, 6746543442, 0.000000, 0.000000
1, 6746560339, 0.794518, 0.142152
0, 6746589522, 0.000000, 0.000000
1, 6746605336, 0.795077, 0.140966
1, 6746620353, 0.795733, 0.141700
0, 6746633449, 0.000000, 0.000000
1, 6746650331, 0.771477, 0.109999
1, 6746665337, 0.747708, 0.158448
0, 6746678439, 0.000000, 0.000000
1, 6746695350, 0.622289, 0.242196
1, 6746710351, 0.556129, 0.227607
1, 6746741419, 0.422194, 0.295203
1, 6746755338, 0.373377, 0.330226
0, 6746768435, 0.000000, 0.000000
1, 6746785342, 0.324187, 0.391685
1, 6746800328, 0.305957, 0.413207
0, 6746813433, 0.000000, 0.000000
1, 6746830326, 0.279567, 0.437123
1, 6746845326, 0.269364, 0.446287
0, 6746858443, 0.000000, 0.000000
1, 6746891407, 0.250462, 0.458763
0, 6746903396, 0.000000, 0.000000
1, 6746920329, 0.241592, 0.463611
1, 6746935328, 0.238632, 0.466072
0, 6746948395, 0.000000, 0.000000
1, 6746965338, 0.242732, 0.486779
1, 6746980336, 0.227346, 0.467642
0, 6746993398, 0.000000, 0.000000
1, 6747010325, 0.234563, 0.489883
0, 6747039495, 0.000000, 0.000000
1, 6747055321, 0.216488, 0.466378
1, 6747070346, 0.215612, 0.467153
0, 6747083409, 0.000000, 0.000000
1, 6747100330, 0.215607, 0.469979
1, 6747115318, 0.215794, 0.471527
0, 6747128407, 0.000000, 0.000000
1, 6747145312, 0.216884, 0.473295
1, 6747160329, 0.217281, 0.473488
1, 6747191418, 0.217952, 0.473922
1, 6747205316, 0.218072, 0.475040
0, 6747218391, 0.000000, 0.000000
1, 6747235322, 0.217407, 0.477429
1, 6747250318, 0.217129, 0.477886
0, 6747263389, 0.000000, 0.000000
1, 6747280320, 0.216107, 0.479171
1, 6747295355, 0.215808, 0.479285
0, 6747308396, 0.000000, 0.000000
1, 6747341395, 0.215269, 0.480177
0, 6747353408, 0.000000, 0.000000
1, 6747370307, 0.214756, 0.480798
1, 6747385404, 0.214565, 0.481446
0, 6747398403, 0.000000, 0.000000
1, 6747415316, 0.213560, 0.482402
1, 6747430335, 0.212853, 0.482476
0, 6747443444, 0.000000, 0.000000
1, 6747460313, 0.209118, 0.469332
0, 6747489504, 0.000000, 0.000000
1, 6747505316, 0.209398, 0.479433
1, 6747520303, 0.209103, 0.478187
0, 6747533437, 0.000000, 0.000000
1, 6747550316, 0.208896, 0.476098
1, 6747565316, 0.208626, 0.476165
0, 6747578414, 0.000000, 0.000000
1, 6747595307, 0.208562, 0.476473
1, 6747610301, 0.208738, 0.476047
1, 6747641377, 0.208941, 0.476094
1, 6747655294, 0.209027, 0.476053
0, 6747668389, 0.000000, 0.000000
1, 6747685307, 0.209019, 0.475943
1, 6747700320, 0.209068, 0.476061
0, 6747713387, 0.000000, 0.000000
1, 6747730309, 0.209726, 0.476643
1, 6747745346, 0.210190, 0.476845
0, 6747758390, 0.000000, 0.000000
1, 6747791383, 0.211470, 0.476699
0, 6747803362, 0.000000, 0.000000
1, 6747820299, 0.208489, 0.456300
1, 6747835286, 0.213116, 0.475995
0, 6747848356, 0.000000, 0.000000
1, 6747865282, 0.215263, 0.475451
1, 6747880292, 0.216361, 0.474569
0, 6747893363, 0.000000, 0.000000
1, 6747910308, 0.214360, 0.457362
0, 6747939472, 0.000000, 0.000000
1, 6747955287, 0.215867, 0.458176
1, 6747970305, 0.219720, 0.473214
0, 6747983377, 0.000000, 0.000000
1, 6748000298, 0.217755, 0.458966
1, 6748015289, 0.221386, 0.473844
0, 6748028376, 0.000000, 0.000000
1, 6748045299, 0.219233, 0.459826
1, 6748060320, 0.222847, 0.475120
1, 6748091361, 0.219537, 0.463407
1, 6748105286, 0.222865, 0.479534
0, 6748118362, 0.000000, 0.000000
1, 6748135278, 0.219631, 0.466262
1, 6748150308, 0.222844, 0.478184
0, 6748163375, 0.000000, 0.000000
1, 6748180276, 0.218974, 0.466910
1, 6748195301, 0.222888, 0.479592
0, 6748208361, 0.000000, 0.000000
1, 6748241354, 0.221673, 0.479551
0, 6748253367, 0.000000, 0.000000
1, 6748270283, 0.220960, 0.480092
1, 6748285345, 0.220647, 0.480416
0, 6748298360, 0.000000, 0.000000
1, 6748315272, 0.220266, 0.481067
1, 6748330273, 0.220433, 0.481182
0, 6748343373, 0.000000, 0.000000
1, 6748360274, 0.217174, 0.467967
0, 6748389460, 0.000000, 0.000000
1, 6748405271, 0.220543, 0.478121
1, 6748420304, 0.220263, 0.478155
0, 6748433405, 0.000000, 0.000000
1, 6748450270, 0.220569, 0.479341
1, 6748465274, 0.220932, 0.479216
0, 6748478434, 0.000000, 0.000000
1, 6748495284, 0.218690, 0.464204
1, 6748510265, 0.221724, 0.479663
1, 6748541345, 0.218975, 0.466036
1, 6748555270, 0.221765, 0.480599
0, 6748568318, 0.000000, 0.000000
1, 6748585263, 0.218126, 0.464230
1, 6748600272, 0.221575, 0.480908
0, 6748613311, 0.000000, 0.000000
1, 6748630276, 0.219129, 0.465219
1, 6748645261, 0.221968, 0.483308
0, 6748658310, 0.000000, 0.000000
1, 6748691369, 0.221349, 0.482621
0, 6748703315, 0.000000, 0.000000
1, 6748720254, 0.221023, 0.481676
1, 6748735261, 0.221069, 0.480678
0, 6748748313, 0.000000, 0.000000
1, 6748765261, 0.217168, 0.463633
1, 6748780258, 0.219932, 0.479416
0, 6748793307, 0.000000, 0.000000
1, 6748810263, 0.219286, 0.478915
0, 6748839398, 0.000000, 0.000000
1, 6748855250, 0.217039, 0.464574
1, 6748870332, 0.219160, 0.477657
0, 6748883320, 0.000000, 0.000000
1, 6748900252, 0.216568, 0.461847
1, 6748915271, 0.218842, 0.476028
0, 6748928317, 0.000000, 0.000000
1, 6748945261, 0.217231, 0.460282
1, 6748960251, 0.219746, 0.475995
1, 6748991330, 0.219156, 0.476124
1, 6749005256, 0.219006, 0.476239
0, 6749018305, 0.000000, 0.000000
1, 6749035258, 0.214633, 0.461224
1, 6749050244, 0.218666, 0.477437
0, 6749063304, 0.000000, 0.000000
1, 6749080241, 0.219244, 0.477804
1, 6749095248, 0.219090, 0.478409
0, 6749108300, 0.000000, 0.000000
1, 6749141325, 0.218766, 0.479737
0, 6749153298, 0.000000, 0.000000
1, 6749170241, 0.215802, 0.467947
1, 6749185247, 0.218046, 0.481593
0, 6749198301, 0.000000, 0.000000
1, 6749215239, 0.218280, 0.481650
1, 6749230296, 0.218669, 0.481477
0, 6749243315, 0.000000, 0.000000
1, 6749260243, 0.218888, 0.480817
0, 6749289372, 0.000000, 0.000000
1, 6749305256, 0.216545, 0.468112
1, 6749320274, 0.218634, 0.480126
0, 6749333294, 0.000000, 0.000000
1, 6749350246, 0.216648, 0.467808
1, 6749365236, 0.218054, 0.480090
0, 6749378293, 0.000000, 0.000000
1, 6749395228, 0.215480, 0.465929
1, 6749410243, 0.219194, 0.475886
1, 6749441323, 0.215849, 0.468051
1, 6749455232, 0.220143, 0.480187
0, 6749468279, 0.000000, 0.000000
1, 6749485233, 0.216303, 0.466606
1, 6749500234, 0.220799, 0.479505
0, 6749513280, 0.000000, 0.000000
1, 6749530244, 0.220903, 0.479628
1, 6749545226, 0.220666, 0.480287
0, 6749558283, 0.000000, 0.000000
1, 6749591311, 0.220142, 0.481672
0, 6749603300, 0.000000, 0.000000
1, 6749620224, 0.220370, 0.482033
1, 6749635224, 0.220533, 0.482272
0, 6749648289, 0.000000, 0.000000
1, 6749665225, 0.225821, 0.497322
1, 6749680237, 0.231426, 0.483453
0, 6749693305, 0.000000, 0.000000
1, 6749710241, 0.286521, 0.481497
1, 6749739383, 0.324833, 0.493606
1, 6749755226, 0.337501, 0.477410
1, 6749770236, 0.366225, 0.475787
0, 6749783278, 0.000000, 0.000000
1, 6749800213, 0.404417, 0.473701
1, 6749815219, 0.419523, 0.472675
0, 6749828276, 0.000000, 0.000000
1, 6749845215, 0.443794, 0.487245
1, 6749860221, 0.448743, 0.471047
1, 6749891316, 0.461053, 0.466408
1, 6749905215, 0.465822, 0.463941
0, 6749918365, 0.000000, 0.000000
1, 6749935213, 0.474395, 0.461336
1, 6749950242, 0.478447, 0.459782
0, 6749963366, 0.000000, 0.000000
1, 6749980211, 0.484732, 0.458426
1, 6749995211, 0.483646, 0.443563
0, 6750008347, 0.000000, 0.000000
0, 6750041326, 0.000000, 0.000000
0, 6750053340, 0.000000, 0.000000
0, 6750070228, 0.000000, 0.000000
0, 6750085225, 0.000000, 0.000000
0, 6750098346, 0.000000, 0.000000
0, 6750115206, 0.000000, 0.000000
0, 6750130217, 0.000000, 0.000000
0, 6750143330, 0.000000, 0.000000
1, 6750160231, 0.318755, 1.365847
0, 6750189402, 0.000000, 0.000000
0, 6750205206, 0.000000, 0.000000
1, 6750220228, 0.536328, 0.489562
0, 6750233317, 0.000000, 0.000000
1, 6750250207, 0.473575, 0.680403
1, 6750265200, 0.479497, 0.643419
0, 6750278320, 0.000000, 0.000000
1, 6750295201, 0.487245, 0.582733
1, 6750310214, 0.489822, 0.557337
1, 6750341300, 0.493574, 0.526995
1, 6750355195, 0.495291, 0.514435
0, 6750368305, 0.000000, 0.000000
1, 6750385193, 0.498076, 0.498043
1, 6750400198, 0.499200, 0.492717
0, 6750413384, 0.000000, 0.000000
1, 6750430194, 0.500997, 0.485787
1, 6750445211, 0.502105, 0.483170
0, 6750458320, 0.000000, 0.000000
1, 6750491276, 0.503656, 0.480846
0, 6750503318, 0.000000, 0.000000
1, 6750520189, 0.504320, 0.479509
1, 6750535211, 0.504832, 0.478421
0, 6750548320, 0.000000, 0.000000
1, 6750565198, 0.505285, 0.476198
1, 6750580208, 0.505038, 0.475321
0, 6750593329, 0.000000, 0.000000
1, 6750610193, 0.504962, 0.473725
1, 6750639389, 0.503967, 0.476148
1, 6750655211, 0.504640, 0.472606
1, 6750670194, 0.504926, 0.472452
1, 6750683314, 0.505771, 0.475159
1, 6750700206, 0.504849, 0.471478
1, 6750715207, 0.504313, 0.470984
1, 6750728316, 0.505629, 0.471740
1, 6750745193, 0.504149, 0.469168
1, 6750760191, 0.504183, 0.468510
1, 6750791262, 0.503917, 0.466192
1, 6750805185, 0.503899, 0.465450
1, 6750818313, 0.507616, 0.465713
1, 6750835182, 0.507866, 0.464512
1, 6750850191, 0.503799, 0.463099
1, 6750863317, 0.508118, 0.462746
1, 6750880186, 0.503683, 0.462262
1, 6750895185, 0.503615, 0.461599
1, 6750908315, 0.508330, 0.461445
1, 6750941266, 0.503016, 0.460906
1, 6750953312, 0.508189, 0.461395
1, 6750970199, 0.508458, 0.461464
1, 6750985206, 0.503251, 0.460928
1, 6750998311, 0.508856, 0.461620
1, 6751015174, 0.508812, 0.461577
1, 6751030184, 0.503576, 0.463049
0, 6751043313, 0.000000, 0.000000
1, 6751060179, 0.509376, 0.463701
0, 6751089383, 0.000000, 0.000000
1, 6751105175, 0.510421, 0.466621
1, 6751120171, 0.504988, 0.466593
1, 6751133312, 0.510886, 0.467176
1, 6751150183, 0.510786, 0.467446
1, 6751165178, 0.505400, 0.466196
0, 6751178314, 0.000000, 0.000000
1, 6751195180, 0.505256, 0.465987
1, 6751210169, 0.504921, 0.466339
1, 6751241248, 0.504236, 0.465767
1, 6751255171, 0.504259, 0.464991
1, 6751268324, 0.509635, 0.463085
1, 6751285185, 0.504145, 0.463736
1, 6751300184, 0.503937, 0.463480
1, 6751313308, 0.509436, 0.459628
1, 6751330165, 0.503742, 0.463192
1, 6751345203, 0.503786, 0.463022
1, 6751358311, 0.509407, 0.459479
1, 6751391259, 0.503577, 0.464599
1, 6751403314, 0.509597, 0.461290
1, 6751420199, 0.503737, 0.465969
1, 6751435187, 0.503918, 0.466570
1, 6751448308, 0.509950, 0.463886
1, 6751465178, 0.504273, 0.466569
1, 6751480227, 0.504488, 0.466665
1, 6751493311, 0.510872, 0.465354
1, 6751510160, 0.504267, 0.466450
1, 6751539385, 0.508895, 0.465651
1, 6751555176, 0.503529, 0.465795
1, 6751570158, 0.503690, 0.465393
1, 6751583313, 0.509092, 0.463400
1, 6751600160, 0.505061, 0.464710
1, 6751615148, 0.505567, 0.464386
0, 6751628298, 0.000000, 0.000000
1, 6751645174, 0.506120, 0.463968
1, 6751660170, 0.506568, 0.463591
1, 6751691233, 0.507322, 0.463091
1, 6751705147, 0.507404, 0.463257
1, 6751718304, 0.511830, 0.459413
1, 6751735149, 0.507389, 0.463837
1, 6751750162, 0.507436, 0.463552
1, 6751763314, 0.512328, 0.459353
1, 6751780165, 0.507567, 0.462335
1, 6751795190, 0.507723, 0.462080
1, 6751808306, 0.513280, 0.458473
1, 6751841245, 0.507562, 0.462671
1, 6751853311, 0.512754, 0.461145
1, 6751870140, 0.506932, 0.463264
1, 6751885209, 0.506470, 0.463229
1, 6751898305, 0.510793, 0.461242
1, 6751915148, 0.505665, 0.463091
1, 6751930143, 0.505483, 0.462914
1, 6751943302, 0.510036, 0.460461
1, 6751960141, 0.505786, 0.463092
1, 6751989383, 0.510550, 0.457973
1, 6752005160, 0.505959, 0.461858
1, 6752020137, 0.505819, 0.461542
1, 6752033354, 0.510570, 0.458231
1, 6752050135, 0.505791, 0.463094
1, 6752065143, 0.505958, 0.463429
1, 6752078315, 0.511210, 0.461020
1, 6752095139, 0.506236, 0.463925
1, 6752110146, 0.506115, 0.464047
1, 6752141221, 0.505980, 0.463698
1, 6752155130, 0.506086, 0.463756
0, 6752168311, 0.000000, 0.000000
1, 6752185133, 0.506485, 0.464014
1, 6752200129, 0.506786, 0.463863
0, 6752213304, 0.000000, 0.000000
1, 6752230128, 0.506675, 0.462517
1, 6752245128, 0.506494, 0.461838
1, 6752258305, 0.511571, 0.458553
1, 6752291231, 0.505478, 0.460867
1, 6752303290, 0.510547, 0.457084
1, 6752320131, 0.505707, 0.459531
1, 6752335123, 0.504999, 0.460489
1, 6752348286, 0.509246, 0.457790
1, 6752365124, 0.504995, 0.458036
1, 6752380136, 0.504945, 0.457342
0, 6752393300, 0.000000, 0.000000
1, 6752410133, 0.505303, 0.456481
1, 6752439365, 0.510795, 0.451768
1, 6752455126, 0.505489, 0.455503
1, 6752470128, 0.505741, 0.454969
1, 6752483299, 0.511833, 0.451735
1, 6752500120, 0.505747, 0.455447
1, 6752515124, 0.505875, 0.455215
0, 6752528280, 0.000000, 0.000000
1, 6752545127, 0.505981, 0.454906
1, 6752560141, 0.506032, 0.454746
1, 6752591222, 0.506246, 0.461434
1, 6752605116, 0.508151, 0.464572
0, 6752618286, 0.000000, 0.000000
1, 6752635111, 0.553222, 0.471678
1, 6752650112, 0.556865, 0.460752
0, 6752663268, 0.000000, 0.000000
1, 6752680116, 0.659235, 0.467391
1, 6752695131, 0.602569, 0.456913
0, 6752708265, 0.000000, 0.000000
1, 6752741192, 0.680098, 0.452776
0, 6752753278, 0.000000, 0.000000
1, 6752770110, 0.742793, 0.457492
1, 6752785124, 0.723155, 0.448352
0, 6752798275, 0.000000, 0.000000
0, 6752815107, 0.000000, 0.000000
1, 6752830105, 0.750305, 0.448559
0, 6752843261, 0.000000, 0.000000
1, 6752860111, 0.775892, 0.454965
0, 6752889318, 0.000000, 0.000000
1, 6752905113, 0.765737, 0.444673
1, 6752920108, 0.779799, 0.451212
0, 6752933240, 0.000000, 0.000000
1, 6752950126, 0.793370, 0.456988
1, 6752965112, 0.788300, 0.452088
0, 6752978317, 0.000000, 0.000000
1, 6752995098, 0.792585, 0.452902
1, 6753010104, 0.794479, 0.452959
1, 6753041207, 0.797642, 0.452697
1, 6753055096, 0.798513, 0.452759
0, 6753068229, 0.000000, 0.000000
0, 6753085113, 0.000000, 0.000000
1, 6753100108, 0.799958, 0.453419
0, 6753113229, 0.000000, 0.000000
0, 6753130104, 0.000000, 0.000000
1, 6753145093, 0.800243, 0.453632
0, 6753158228, 0.000000, 0.000000
1, 6753191184, 0.798731, 0.458643
0, 6753203185, 0.000000, 0.000000
0, 6753220091, 0.000000, 0.000000
1, 6753235091, 0.796607, 0.463570
0, 6753248232, 0.000000, 0.000000
0, 6753265088, 0.000000, 0.000000
1, 6753280097, 0.795973, 0.467477
0, 6753293183, 0.000000, 0.000000
1, 6753310106, 0.789421, 0.468437
0, 6753339273, 0.000000, 0.000000
1, 6753355109, 0.796514, 0.469870
1, 6753370087, 0.796596, 0.469960
0, 6753383191, 0.000000, 0.000000
1, 6753400105, 0.801343, 0.475095
1, 6753415094, 0.796693, 0.469637
0, 6753428184, 0.000000, 0.000000
1, 6753445097, 0.800214, 0.477118
1, 6753460088, 0.796375, 0.469158
1, 6753491193, 0.799142, 0.477405
1, 6753505085, 0.794756, 0.470850
0, 6753518205, 0.000000, 0.000000
1, 6753535093, 0.799322, 0.477141
1, 6753550093, 0.795190, 0.470561
0, 6753563217, 0.000000, 0.000000
1, 6753580076, 0.796286, 0.467425
1, 6753595082, 0.796528, 0.466095
0, 6753608234, 0.000000, 0.000000
1, 6753641160, 0.797236, 0.462597
0, 6753653146, 0.000000, 0.000000
1, 6753670083, 0.798259, 0.459503
1, 6753685081, 0.798647, 0.458078
0, 6753698145, 0.000000, 0.000000
1, 6753715088, 0.798493, 0.457701
1, 6753730086, 0.802329, 0.467484
0, 6753743136, 0.000000, 0.000000
1, 6753760089, 0.797381, 0.456877
0, 6753789253, 0.000000, 0.000000
1, 6753805069, 0.795709, 0.460402
1, 6753820111, 0.794909, 0.462650
0, 6753833178, 0.000000, 0.000000
1, 6753850079, 0.793821, 0.464698
1, 6753865075, 0.793401, 0.465840
0, 6753878168, 0.000000, 0.000000
1, 6753895070, 0.793023, 0.467834
1, 6753910085, 0.792164, 0.469721
1, 6753941174, 0.790442, 0.472827
1, 6753955064, 0.789353, 0.474355
0, 6753968085, 0.000000, 0.000000
1, 6753985061, 0.787578, 0.476382
1, 6754000069, 0.786972, 0.475356
0, 6754013097, 0.000000, 0.000000
1, 6754030065, 0.786164, 0.474653
1, 6754045062, 0.786192, 0.474504
0, 6754058091, 0.000000, 0.000000
1, 6754091160, 0.786193, 0.476635
0, 6754103059, 0.000000, 0.000000
1, 6754120058, 0.790940, 0.492063
1, 6754135058, 0.786187, 0.478697
0, 6754148052, 0.000000, 0.000000
1, 6754165062, 0.790553, 0.494021
1, 6754180060, 0.784876, 0.482120
0, 6754193063, 0.000000, 0.000000
1, 6754210060, 0.785836, 0.477449
0, 6754239137, 0.000000, 0.000000
1, 6754255096, 0.787477, 0.473182
1, 6754270075, 0.787906, 0.472102
0, 6754283052, 0.000000, 0.000000
1, 6754300071, 0.786575, 0.474642
1, 6754315070, 0.785731, 0.476857
0, 6754328063, 0.000000, 0.000000
1, 6754345056, 0.784335, 0.480949
1, 6754360074, 0.783647, 0.481506
1, 6754391133, 0.783609, 0.481574
1, 6754405049, 0.783972, 0.481806
0, 6754418091, 0.000000, 0.000000
1, 6754435051, 0.783889, 0.482158
1, 6754450081, 0.784211, 0.482476
0, 6754463040, 0.000000, 0.000000
1, 6754480049, 0.788987, 0.493754
1, 6754495097, 0.784173, 0.482589
0, 6754508055, 0.000000, 0.000000
1, 6754541131, 0.787273, 0.491257
0, 6754553089, 0.000000, 0.000000
1, 6754570065, 0.784668, 0.481636
1, 6754585059, 0.784672, 0.481947
0, 6754598093, 0.000000, 0.000000
1, 6754615061, 0.785689, 0.490889
1, 6754630078, 0.786064, 0.478168
0, 6754643087, 0.000000, 0.000000
1, 6754660072, 0.786578, 0.477094
0, 6754689198, 0.000000, 0.000000
1, 6754705071, 0.786979, 0.474929
1, 6754720040, 0.786522, 0.474832
0, 6754733076, 0.000000, 0.000000
1, 6754750049, 0.785047, 0.477154
1, 6754765046, 0.784699, 0.478784
0, 6754778083, 0.000000, 0.000000
1, 6754795057, 0.784842, 0.494866
1, 6754810040, 0.784254, 0.480167
1, 6754841114, 0.784294, 0.480159
1, 6754855033, 0.784301, 0.480530
0, 6754868135, 0.000000, 0.000000
1, 6754885035, 0.784098, 0.481687
1, 6754900065, 0.783806, 0.481852
0, 6754913076, 0.000000, 0.000000
1, 6754930051, 0.783037, 0.482647
1, 6754945082, 0.783050, 0.482763
0, 6754958076, 0.000000, 0.000000
1, 6754991125, 0.782779, 0.481743
0, 6755003081, 0.000000, 0.000000
1, 6755020041, 0.782488, 0.480355
1, 6755035040, 0.782405, 0.480390
0, 6755048070, 0.000000, 0.000000
1, 6755065023, 0.782332, 0.481377
1, 6755080023, 0.782047, 0.482162
0, 6755093084, 0.000000, 0.000000
1, 6755110042, 0.781433, 0.484897
0, 6755139101, 0.000000, 0.000000
1, 6755155033, 0.784399, 0.493966
1, 6755170019, 0.780186, 0.487479
0, 6755183027, 0.000000, 0.000000
1, 6755200024, 0.779687, 0.487138
1, 6755215017, 0.779338, 0.487142
0, 6755228121, 0.000000, 0.000000
1, 6755245029, 0.778541, 0.488346
1, 6755260023, 0.778435, 0.488634
1, 6755291100, 0.778133, 0.489182
1, 6755305030, 0.777840, 0.489745
0, 6755318062, 0.000000, 0.000000
1, 6755335038, 0.777321, 0.491103
1, 6755350050, 0.777348, 0.491551
0, 6755363085, 0.000000, 0.000000
1, 6755380042, 0.777339, 0.491617
1, 6755395057, 0.777373, 0.491779
0, 6755408082, 0.000000, 0.000000
1, 6755441098, 0.777508, 0.491355
0, 6755453043, 0.000000, 0.000000
1, 6755470017, 0.777380, 0.491005
1, 6755485066, 0.776876, 0.491157
0, 6755498094, 0.000000, 0.000000
1, 6755515006, 0.775775, 0.491398
1, 6755530064, 0.775663, 0.491434
0, 6755543051, 0.000000, 0.000000
1, 6755560011, 0.775671, 0.491092
0, 6755589123, 0.000000, 0.000000
1, 6755605008, 0.782084, 0.492906
1, 6755620002, 0.775809, 0.486392
0, 6755633041, 0.000000, 0.000000
1, 6755650004, 0.767744, 0.491597
1, 6755665019, 0.718859, 0.498609
1, 6755678057, 0.691823, 0.508222
1, 6755695013, 0.614341, 0.537500
1, 6755710005, 0.531512, 0.555748
1, 6755741103, 0.413697, 0.592687
1, 6755755028, 0.368837, 0.610985
0, 6755768131, 0.000000, 0.000000
1, 6755785013, 0.312092, 0.642156
1, 6755800029, 0.292858, 0.656282
0, 6755813050, 0.000000, 0.000000
1, 6755830000, 0.270097, 0.676273
1, 6755844999, 0.259867, 0.683293
0, 6755858032, 0.000000, 0.000000
1, 6755891076, 0.242842, 0.693066
0, 6755903111, 0.000000, 0.000000
1, 6755919992, 0.232246, 0.699629
1, 6755934994, 0.225588, 0.707365
0, 6755948114, 0.000000, 0.000000
1, 6755964986, 0.217523, 0.718797
1, 6755979992, 0.213570, 0.724432
0, 6755993103, 0.000000, 0.000000
1, 6756009995, 0.207282, 0.732237
0, 6756039222, 0.000000, 0.000000
1, 6756054986, 0.200264, 0.741054
1, 6756069997, 0.198526, 0.743365
0, 6756083121, 0.000000, 0.000000
1, 6756100001, 0.196461, 0.747517
1, 6756115006, 0.194987, 0.749279
0, 6756128130, 0.000000, 0.000000
1, 6756145004, 0.193709, 0.752015
1, 6756160014, 0.193946, 0.752792
1, 6756191092, 0.194134, 0.754645
1, 6756205000, 0.193536, 0.754977
0, 6756218113, 0.000000, 0.000000
1, 6756234979, 0.193170, 0.754472
1, 6756249984, 0.192992, 0.755376
1, 6756263113, 0.185775, 0.741206
1, 6756279983, 0.191320, 0.757286
1, 6756294977, 0.192508, 0.757882
0, 6756308110, 0.000000, 0.000000
1, 6756341065, 0.195808, 0.760898
0, 6756353113, 0.000000, 0.000000
1, 6756369977, 0.198936, 0.762921
1, 6756384974, 0.200755, 0.763227
0, 6756398109, 0.000000, 0.000000
1, 6756414998, 0.199452, 0.763413
1, 6756429972, 0.198147, 0.777969
0, 6756443131, 0.000000, 0.000000
1, 6756459976, 0.199452, 0.763594
0, 6756489202, 0.000000, 0.000000
1, 6756505001, 0.198653, 0.763430
1, 6756519977, 0.198015, 0.763299
0, 6756533127, 0.000000, 0.000000
1, 6756549983, 0.197706, 0.763693
1, 6756564993, 0.200322, 0.781281
0, 6756578103, 0.000000, 0.000000
1, 6756594975, 0.197001, 0.760245
1, 6756609976, 0.196781, 0.759619
1, 6756641058, 0.195820, 0.756904
1, 6756654966, 0.195071, 0.756050
0, 6756668100, 0.000000, 0.000000
1, 6756684965, 0.194542, 0.755877
1, 6756699974, 0.202031, 0.775495
0, 6756713092, 0.000000, 0.000000
1, 6756729962, 0.194172, 0.755417
1, 6756744966, 0.194568, 0.755998
0, 6756758094, 0.000000, 0.000000
1, 6756791046, 0.195146, 0.757853
0, 6756803097, 0.000000, 0.000000
1, 6756819968, 0.195754, 0.757761
1, 6756834961, 0.196078, 0.757852
0, 6756848090, 0.000000, 0.000000
1, 6756864966, 0.198312, 0.755973
1, 6756879969, 0.198487, 0.752407
0, 6756893111, 0.000000, 0.000000
1, 6756909967, 0.197698, 0.747557
0, 6756939180, 0.000000, 0.000000
1, 6756954976, 0.197193, 0.742085
1, 6756969957, 0.197525, 0.741343
0, 6756983081, 0.000000, 0.000000
1, 6756999960, 0.198287, 0.738928
1, 6757014952, 0.197386, 0.737392
0, 6757028073, 0.000000, 0.000000
1, 6757044961, 0.195816, 0.736891
1, 6757059958, 0.195263, 0.736670
1, 6757091044, 0.194529, 0.738551
1, 6757104948, 0.194959, 0.741619
0, 6757118070, 0.000000, 0.000000
1, 6757134950, 0.194470, 0.746428
1, 6757149953, 0.194718, 0.747234
0, 6757163116, 0.000000, 0.000000
1, 6757179949, 0.197242, 0.747036
1, 6757194966, 0.197718, 0.748404
0, 6757208079, 0.000000, 0.000000
1, 6757241043, 0.198483, 0.750426
0, 6757253075, 0.000000, 0.000000
1, 6757269951, 0.199649, 0.750638
1, 6757284962, 0.200746, 0.749545
0, 6757298084, 0.000000, 0.000000
1, 6757314938, 0.201372, 0.749120
1, 6757329945, 0.201387, 0.749321
0, 6757343071, 0.000000, 0.000000
1, 6757359941, 0.201436, 0.749262
0, 6757389142, 0.000000, 0.000000
1, 6757404941, 0.200347, 0.749972
1, 6757419942, 0.199876, 0.749614
0, 6757433096, 0.000000, 0.000000
1, 6757449944, 0.199420, 0.749945
1, 6757464955, 0.199204, 0.750285
0, 6757478074, 0.000000, 0.000000
1, 6757494934, 0.199180, 0.750320
1, 6757509963, 0.199263, 0.750282
1, 6757541015, 0.199160, 0.749668
1, 6757554952, 0.199240, 0.749599
0, 6757568050, 0.000000, 0.000000
1, 6757584930, 0.198764, 0.749620
1, 6757599939, 0.198112, 0.748582
0, 6757613048, 0.000000, 0.000000
1, 6757629948, 0.197769, 0.747825
1, 6757644969, 0.198049, 0.749602
0, 6757658050, 0.000000, 0.000000
1, 6757691027, 0.198462, 0.752334
0, 6757703052, 0.000000, 0.000000
1, 6757719930, 0.198114, 0.753797
1, 6757734924, 0.197741, 0.754161
0, 6757748048, 0.000000, 0.000000
1, 6757764926, 0.196905, 0.753381
1, 6757779933, 0.196717, 0.753692
0, 6757793055, 0.000000, 0.000000
1, 6757809945, 0.196627, 0.755535
0, 6757839159, 0.000000, 0.000000
1, 6757854925, 0.196020, 0.754884
1, 6757869921, 0.195937, 0.755378
0, 6757883084, 0.000000, 0.000000
1, 6757899925, 0.196299, 0.756566
1, 6757915013, 0.196633, 0.756766
0, 6757928074, 0.000000, 0.000000
1, 6757944936, 0.197427, 0.758612
1, 6757959927, 0.197475, 0.760037
1, 6757991018, 0.197588, 0.763058
1, 6758004932, 0.197559, 0.763679
0, 6758018057, 0.000000, 0.000000
1, 6758034930, 0.197277, 0.764581
1, 6758049916, 0.197497, 0.764627
0, 6758063049, 0.000000, 0.000000
1, 6758079927, 0.197619, 0.763576
1, 6758094920, 0.197673, 0.762663
0, 6758108042, 0.000000, 0.000000
1, 6758141026, 0.210958, 0.769403
0, 6758153050, 0.000000, 0.000000
1, 6758169936, 0.196736, 0.762963
1, 6758184939, 0.196387, 0.763824
0, 6758198104, 0.000000, 0.000000
1, 6758214928, 0.195665, 0.764966
1, 6758229918, 0.195271, 0.765434
0, 6758243047, 0.000000, 0.000000
1, 6758259917, 0.194994, 0.765629
0, 6758289141, 0.000000, 0.000000
1, 6758304905, 0.195068, 0.764357
0, 6758319914, 0.000000, 0.000000
0, 6758333055, 0.000000, 0.000000
1, 6758349916, 0.196750, 0.761477
1, 6758364913, 0.197642, 0.759627
0, 6758378054, 0.000000, 0.000000
1, 6758394902, 0.196722, 0.759775
1, 6758409920, 0.180456, 0.750416
1, 6758440985, 0.192852, 0.756067
1, 6758454919, 0.192220, 0.756653
0, 6758468001, 0.000000, 0.000000
1, 6758484903, 0.192673, 0.760507
1, 6758499918, 0.192762, 0.761913
0, 6758513007, 0.000000, 0.000000
1, 6758529900, 0.192689, 0.763629
1, 6758544920, 0.192677, 0.764581
0, 6758557998, 0.000000, 0.000000
1, 6758590999, 0.194289, 0.764461
1, 6758603009, 0.190481, 0.769304
1, 6758619901, 0.214620, 0.768175
1, 6758634974, 0.258176, 0.768179
0, 6758647992, 0.000000, 0.000000
1, 6758664898, 0.329788, 0.769841
1, 6758679890, 0.359289, 0.770243
0, 6758692998, 0.000000, 0.000000
1, 6758709927, 0.358440, 0.774215
1, 6758739076, 0.424145, 0.772289
1, 6758754900, 0.435467, 0.771674
1, 6758769902, 0.421305, 0.763888
1, 6758783002, 0.430748, 0.761182
1, 6758799887, 0.454247, 0.768926
1, 6758814888, 0.447088, 0.756478
1, 6758828001, 0.453016, 0.754811
1, 6758844913, 0.468530, 0.766778
1, 6758859909, 0.463197, 0.753360
1, 6758890984, 0.470225, 0.753651
1, 6758904892, 0.473416, 0.753278
1, 6758918067, 0.475749, 0.753848
1, 6758934903, 0.478796, 0.754126
1, 6758949910, 0.481064, 0.753927
1, 6758963047, 0.494746, 0.767572
1, 6758979879, 0.484772, 0.753566
1, 6758994892, 0.485986, 0.753545
1, 6759008041, 0.487263, 0.753003
1, 6759040978, 0.489870, 0.752618
1, 6759053075, 0.502927, 0.765945
1, 6759069882, 0.491649, 0.751590
1, 6759084878, 0.491979, 0.750765
1, 6759098072, 0.492392, 0.751057
1, 6759114873, 0.492484, 0.751559
1, 6759129934, 0.492738, 0.751993
1, 6759143066, 0.502988, 0.762416
1, 6759159888, 0.494605, 0.753648
1, 6759189125, 0.495737, 0.755094
1, 6759204866, 0.496230, 0.755409
1, 6759219898, 0.496391, 0.755718
1, 6759233046, 0.489143, 0.749236
1, 6759249877, 0.497000, 0.756155
1, 6759264929, 0.497170, 0.756404
1, 6759278047, 0.504863, 0.763205
1, 6759294907, 0.497560, 0.757191
1, 6759309885, 0.497730, 0.757813
1, 6759340957, 0.498749, 0.759007
1, 6759354863, 0.499405, 0.759011
1, 6759368041, 0.499972, 0.758996
1, 6759384868, 0.500104, 0.759180
1, 6759399873, 0.500312, 0.759261
1, 6759413044, 0.500619, 0.759039
1, 6759429861, 0.500636, 0.759756
1, 6759444882, 0.500599, 0.760245
1, 6759458036, 0.506906, 0.769470
1, 6759490943, 0.500767, 0.760103
1, 6759503061, 0.495610, 0.751002
1, 6759519858, 0.501337, 0.759735
1, 6759534876, 0.501636, 0.759540
1, 6759548069, 0.501903, 0.759377
1, 6759564863, 0.501841, 0.759012
1, 6759579895, 0.501903, 0.758593
1, 6759593067, 0.501988, 0.758511
1, 6759609866, 0.502241, 0.759009
1, 6759639122, 0.502347, 0.759152
1, 6759654871, 0.502369, 0.758500
1, 6759669864, 0.502542, 0.757917
1, 6759683096, 0.508681, 0.767148
1, 6759699883, 0.503266, 0.758406
1, 6759714850, 0.503710, 0.758557
1, 6759728023, 0.509376, 0.767680
1, 6759744870, 0.504567, 0.758431
1, 6759759857, 0.504322, 0.759104
1, 6759790956, 0.504515, 0.759746
1, 6759804850, 0.504304, 0.759480
1, 6759818018, 0.510480, 0.770804
1, 6759834846, 0.503756, 0.758287
1, 6759849862, 0.503932, 0.758391
1, 6759863016, 0.510391, 0.770685
1, 6759879854, 0.504399, 0.759947
1, 6759894845, 0.504415, 0.759697
1, 6759908023, 0.504250, 0.759541
1, 6759940953, 0.503892, 0.760107
1, 6759953050, 0.512430, 0.771719
1, 6759969848, 0.503236, 0.760144
1, 6759984847, 0.503034, 0.759768
1, 6759998015, 0.510991, 0.768018
1, 6760014861, 0.503189, 0.758037
1, 6760029847, 0.502936, 0.757474
1, 6760043025, 0.511312, 0.765160
1, 6760059862, 0.502367, 0.757063
1, 6760089108, 0.502214, 0.757201
1, 6760104837, 0.501964, 0.757023
1, 6760119854, 0.501816, 0.756794
1, 6760133024, 0.510665, 0.763027
1, 6760149844, 0.501044, 0.754861
1, 6760164844, 0.500636, 0.753320
1, 6760178023, 0.500537, 0.753868
1, 6760194850, 0.500776, 0.754501
1, 6760209840, 0.501020, 0.755179
1, 6760240920, 0.501547, 0.756238
1, 6760254841, 0.501652, 0.756662
1, 6760268023, 0.501943, 0.756747
1, 6760284846, 0.501571, 0.756398
1, 6760299836, 0.501213, 0.756249
1, 6760313022, 0.501008, 0.756066
1, 6760329828, 0.501374, 0.756266
1, 6760344850, 0.501223, 0.756740
1, 6760358021, 0.501052, 0.757165
1, 6760390918, 0.500917, 0.758376
1, 6760403007, 0.500896, 0.758774
1, 6760419845, 0.500721, 0.759264
1, 6760434828, 0.500745, 0.758869
1, 6760448013, 0.500830, 0.758776
1, 6760464825, 0.501065, 0.758688
1, 6760479845, 0.500811, 0.758882
1, 6760493012, 0.510625, 0.765977
1, 6760509826, 0.500194, 0.758986
1, 6760539088, 0.499569, 0.758591
1, 6760554820, 0.499149, 0.757906
1, 6760569872, 0.499087, 0.757511
1, 6760583051, 0.509166, 0.764041
1, 6760599828, 0.497887, 0.757873
1, 6760614835, 0.496935, 0.757959
1, 6760628004, 0.505422, 0.763977
1, 6760644818, 0.496934, 0.758225
1, 6760659888, 0.497165, 0.757838
1, 6760690931, 0.497388, 0.757488
1, 6760704820, 0.497203, 0.757817
1, 6760717994, 0.505854, 0.763359
1, 6760734810, 0.497477, 0.758543
1, 6760749844, 0.497662, 0.758294
1, 6760763000, 0.497382, 0.757652
1, 6760779824, 0.497199, 0.757091
1, 6760794830, 0.497049, 0.757110
1, 6760807993, 0.505204, 0.762079
1, 6760840933, 0.497191, 0.759661
1, 6760852992, 0.505224, 0.766437
1, 6760869833, 0.496723, 0.760279
1, 6760884810, 0.496702, 0.760038
1, 6760897986, 0.504269, 0.767618
1, 6760914815, 0.495332, 0.758116
1, 6760929812, 0.494374, 0.756854
0, 6760943005, 0.000000, 0.000000
1, 6760959807, 0.495278, 0.755858
0, 6760989064, 0.000000, 0.000000
1, 6761004814, 0.493907, 0.754518
1, 6761019860, 0.493322, 0.754272
1, 6761033001, 0.495640, 0.762217
1, 6761049803, 0.494137, 0.755777
1, 6761064808, 0.494959, 0.755727
1, 6761078005, 0.495685, 0.755578
1, 6761094808, 0.495564, 0.754905
1, 6761109844, 0.495352, 0.754712
1, 6761140882, 0.497900, 0.763248
1, 6761154811, 0.515702, 0.760050
1, 6761167992, 0.524966, 0.763860
1, 6761184813, 0.573367, 0.755556
1, 6761199798, 0.601820, 0.753377
0, 6761212969, 0.000000, 0.000000
1, 6761229815, 0.628103, 0.749969
1, 6761244814, 0.639458, 0.748297
1, 6761257969, 0.636955, 0.754645
1, 6761290933, 0.670057, 0.742592
1, 6761303014, 0.664439, 0.745472
1, 6761319800, 0.683884, 0.737100
1, 6761334799, 0.689347, 0.734695
1, 6761348015, 0.686025, 0.735228
1, 6761364792, 0.701819, 0.733204
1, 6761379799, 0.706852, 0.733014
1, 6761393009, 0.710551, 0.737781
1, 6761409801, 0.715925, 0.733600
1, 6761439077, 0.725388, 0.739929
1, 6761454791, 0.725040, 0.734011
1, 6761469860, 0.726440, 0.734308
1, 6761482992, 0.731999, 0.742366
1, 6761499800, 0.728183, 0.734805
1, 6761514799, 0.729380, 0.734800
0, 6761527986, 0.000000, 0.000000
1, 6761544814, 0.729307, 0.734363
1, 6761559797, 0.729216, 0.734287
1, 6761590883, 0.730330, 0.734786
1, 6761604788, 0.730879, 0.734866
1, 6761617964, 0.736971, 0.741124
1, 6761634786, 0.731470, 0.733275
1, 6761649853, 0.733316, 0.732078
0, 6761662993, 0.000000, 0.000000
1, 6761679788, 0.747224, 0.734409
1, 6761694794, 0.754619, 0.735770
0, 6761707964, 0.000000, 0.000000
1, 6761740879, 0.762647, 0.734844
0, 6761752932, 0.000000, 0.000000
1, 6761769783, 0.771814, 0.738476
1, 6761784794, 0.775858, 0.739641
0, 6761797945, 0.000000, 0.000000
1, 6761814780, 0.782018, 0.740782
1, 6761829788, 0.784739, 0.741649
0, 6761842930, 0.000000, 0.000000
1, 6761859790, 0.787968, 0.742601
0, 6761889026, 0.000000, 0.000000
1, 6761904804, 0.792268, 0.746136
1, 6761919778, 0.793141, 0.746980
0, 6761932925, 0.000000, 0.000000
1, 6761949781, 0.794543, 0.747967
1, 6761964780, 0.795090, 0.748412
1, 6761977940, 0.805197, 0.756166
1, 6761994777, 0.795955, 0.749427
1, 6762009831, 0.796394, 0.749717
1, 6762040849, 0.797594, 0.749488
1, 6762054786, 0.797940, 0.748650
0, 6762067911, 0.000000, 0.000000
1, 6762084765, 0.798234, 0.747571
1, 6762099784, 0.798113, 0.747170
0, 6762112908, 0.000000, 0.000000
1, 6762129783, 0.797843, 0.746454
1, 6762144825, 0.797440, 0.746524
0, 6762157912, 0.000000, 0.000000
1, 6762190848, 0.795624, 0.745288
0, 6762202913, 0.000000, 0.000000
1, 6762219770, 0.794742, 0.744969
1, 6762234790, 0.794426, 0.744757
0, 6762247930, 0.000000, 0.000000
1, 6762264760, 0.793671, 0.744572
1, 6762279767, 0.793433, 0.744318
0, 6762292913, 0.000000, 0.000000
1, 6762309794, 0.793264, 0.743856
0, 6762338972, 0.000000, 0.000000
1, 6762354778, 0.792924, 0.743879
1, 6762369768, 0.792805, 0.744102
0, 6762382897, 0.000000, 0.000000
1, 6762399788, 0.792730, 0.746195
1, 6762414837, 0.792539, 0.747901
0, 6762427894, 0.000000, 0.000000
1, 6762444771, 0.792234, 0.750742
1, 6762459756, 0.791966, 0.752046
1, 6762490831, 0.791636, 0.754142
1, 6762504763, 0.791650, 0.754707
0, 6762517895, 0.000000, 0.000000
1, 6762534773, 0.791758, 0.755563
1, 6762549763, 0.791551, 0.755750
0, 6762562893, 0.000000, 0.000000
1, 6762579742, 0.791433, 0.754865
1, 6762594818, 0.791619, 0.754923
0, 6762607887, 0.000000, 0.000000
1, 6762640844, 0.791668, 0.754767
0, 6762652888, 0.000000, 0.000000
1, 6762669762, 0.791945, 0.756482
1, 6762684758, 0.792990, 0.757423
0, 6762697892, 0.000000, 0.000000
1, 6762714861, 0.794519, 0.758458
1, 6762729753, 0.795076, 0.758756
0, 6762742886, 0.000000, 0.000000
1, 6762759764, 0.796186, 0.758433
0, 6762788995, 0.000000, 0.000000
1, 6762804738, 0.797404, 0.758150
1, 6762819761, 0.797461, 0.757454
0, 6762832880, 0.000000, 0.000000
1, 6762849744, 0.797324, 0.756550
1, 6762864737, 0.798194, 0.755903
0, 6762877887, 0.000000, 0.000000
1, 6762894736, 0.799286, 0.754404
1, 6762909750, 0.798973, 0.754018
1, 6762940841, 0.798383, 0.755470
1, 6762954736, 0.798322, 0.755895
0, 6762967881, 0.000000, 0.000000
1, 6762984729, 0.798692, 0.755319
1, 6762999734, 0.798734, 0.755372
0, 6763012892, 0.000000, 0.000000
1, 6763029733, 0.798437, 0.755893
1, 6763044735, 0.798221, 0.755928
0, 6763057876, 0.000000, 0.000000
1, 6763090820, 0.798083, 0.757996
0, 6763102869, 0.000000, 0.000000
1, 6763119746, 0.797985, 0.758000
1, 6763134783, 0.797665, 0.757065
0, 6763147859, 0.000000, 0.000000
1, 6763164731, 0.796978, 0.754868
1, 6763179785, 0.796921, 0.754121
0, 6763192859, 0.000000, 0.000000
1, 6763209727, 0.796542, 0.753727
0, 6763238935, 0.000000, 0.000000
1, 6763254730, 0.797339, 0.752441
1, 6763269729, 0.797708, 0.752395
0, 6763282849, 0.000000, 0.000000
1, 6763299717, 0.798483, 0.753633
1, 6763314728, 0.798574, 0.754321
0, 6763327897, 0.000000, 0.000000
1, 6763344723, 0.798519, 0.754867
1, 6763359724, 0.798477, 0.754059
1, 6763390819, 0.798645, 0.752585
1, 6763404722, 0.798718, 0.752162
0, 6763417852, 0.000000, 0.000000
1, 6763434714, 0.799262, 0.750785
1, 6763449732, 0.799601, 0.750957
0, 6763462976, 0.000000, 0.000000
1, 6763479712, 0.800463, 0.750826
1, 6763494714, 0.800739, 0.750185
0, 6763507855, 0.000000, 0.000000
1, 6763540811, 0.803268, 0.749907
0, 6763552838, 0.000000, 0.000000
1, 6763569717, 0.803869, 0.749891
1, 6763584709, 0.803422, 0.749472
0, 6763597838, 0.000000, 0.000000
1, 6763614705, 0.802804, 0.748139
1, 6763629723, 0.802252, 0.746967
1, 6763642837, 0.815001, 0.762904
1, 6763659720, 0.800752, 0.745901
0, 6763688914, 0.000000, 0.000000
1, 6763704706, 0.799247, 0.745217
1, 6763719741, 0.798521, 0.745633
0, 6763732850, 0.000